+--------+
| a      |
+--------+
| -32766 |
|   -126 |
|     -1 |
|     -1 |
|      0 |
|      0 |
|      1 |
|      1 |
|    127 |
|  32767 |
+--------+
10 rows in set (0.01 sec)

MySQL [bug1]> SELECT a FROM t1 ORDER BY a;
+------+
| a    |
+------+
| -126 |
|   -1 |
|    0 |
|    1 |
|  127 |
+------+
5 rows in set (0.00 sec)

MySQL [bug1]> SELECT a FROM t2 ORDER BY a;
+--------+
| a      |
+--------+
| -32766 |
|     -1 |
|      0 |
|      1 |
|  32767 |
+--------+
5 rows in set (0.00 sec)
